"","HandID","Timestamp","TableName","GameType","Player","Bet"
"1","169202431085:  ",2017-04-18 02:58:53,"'Smuts","Hold'em No Limit ($0.01/$0.02 USD) - 2017/0=","sunnytrader","-0.01"
"2","169202431085:  ",2017-04-18 02:58:53,"'Smuts","Hold'em No Limit ($0.01/$0.02 USD) - 2017/0=","Kn=EEght--N=EEco","-0.02"
"3","169202431085:  ",2017-04-18 02:58:53,"'Smuts","Hold'em No Limit ($0.01/$0.02 USD) - 2017/0=","R.Sergei.rus","-0.02"
"4","169202431085:  ",2017-04-18 02:58:53,"'Smuts","Hold'em No Limit ($0.01/$0.02 USD) - 2017/0=","tot12369","-0.02"
"5","169202431085:  ",2017-04-18 02:58:53,"'Smuts","Hold'em No Limit ($0.01/$0.02 USD) - 2017/0=","R.Sergei.rus","-0.10"
"6","169202431085:  ",2017-04-18 02:58:53,"'Smuts","Hold'em No Limit ($0.01/$0.02 USD) - 2017/0=","R.Sergei.rus","0.07"
"7","169202441319:  ",2017-04-18 02:59:33,"'Smuts","Hold'em No Limit ($0.01/$0.02 USD) - 2017/0=","Kn=EEght--N=EEco","-0.01"
"8","169202441319:  ",2017-04-18 02:59:33,"'Smuts","Hold'em No Limit ($0.01/$0.02 USD) - 2017/0=","ThankYou417","-0.02"
"9","169202441319:  ",2017-04-18 02:59:33,"'Smuts","Hold'em No Limit ($0.01/$0.02 USD) - 2017/0=","the_wickstar","-0.10"
"10","169202441319:  ",2017-04-18 02:59:33,"'Smuts","Hold'em No Limit ($0.01/$0.02 USD) - 2017/0=","Sineie","-0.10"
"11","169202441319:  ",2017-04-18 02:59:33,"'Smuts","Hold'em No Limit ($0.01/$0.02 USD) - 2017/0=","the_wickstar","-0.22"
"12","169202441319:  ",2017-04-18 02:59:33,"'Smuts","Hold'em No Limit ($0.01/$0.02 USD) - 2017/0=","the_wickstar","0.22"
"13","169202454111:  ",2017-04-18 03:00:27,"'Smuts","Hold'em No Limit ($0.01/$0.02 USD) - 2017/0=","ThankYou417","-0.01"
"14","169202454111:  ",2017-04-18 03:00:27,"'Smuts","Hold'em No Limit ($0.01/$0.02 USD) - 2017/0=","tot12369","-0.02"
"15","169202454111:  ",2017-04-18 03:00:27,"'Smuts","Hold'em No Limit ($0.01/$0.02 USD) - 2017/0=","ThankYou417","-0.07"
"16","169202454111:  ",2017-04-18 03:00:27,"'Smuts","Hold'em No Limit ($0.01/$0.02 USD) - 2017/0=","ThankYou417","0.04"
"17","169202462725:  ",2017-04-18 03:00:59,"'Smuts","Hold'em No Limit ($0.01/$0.02 USD) - 2017/0=","tot12369","-0.01"
"18","169202462725:  ",2017-04-18 03:00:59,"'Smuts","Hold'em No Limit ($0.01/$0.02 USD) - 2017/0=","the_wickstar","-0.02"
"19","169202462725:  ",2017-04-18 03:00:59,"'Smuts","Hold'em No Limit ($0.01/$0.02 USD) - 2017/0=","the_wickstar","-0.10"
"20","169202462725:  ",2017-04-18 03:00:59,"'Smuts","Hold'em No Limit ($0.01/$0.02 USD) - 2017/0=","the_wickstar","0.05"
"21","169202475482:  ",2017-04-18 03:01:45,"'Smuts","Hold'em No Limit ($0.01/$0.02 USD) - 2017/0=","the_wickstar","-0.02"
"22","169202475482:  ",2017-04-18 03:01:45,"'Smuts","Hold'em No Limit ($0.01/$0.02 USD) - 2017/0=","R.Sergei.rus","-0.02"
"23","169202475482:  ",2017-04-18 03:01:45,"'Smuts","Hold'em No Limit ($0.01/$0.02 USD) - 2017/0=","R.Sergei.rus","-0.03"
"24","169202475482:  ",2017-04-18 03:01:45,"'Smuts","Hold'em No Limit ($0.01/$0.02 USD) - 2017/0=","the_wickstar","-0.03"
"25","169202475482:  ",2017-04-18 03:01:45,"'Smuts","Hold'em No Limit ($0.01/$0.02 USD) - 2017/0=","R.Sergei.rus","-0.09"
"26","169202475482:  ",2017-04-18 03:01:45,"'Smuts","Hold'em No Limit ($0.01/$0.02 USD) - 2017/0=","GYCO","0.32"
"27","169202500246:  ",2017-04-18 03:03:14,"'Smuts","Hold'em No Limit ($0.01/$0.02 USD) - 2017/0=","the_wickstar","-0.01"
"28","169202500246:  ",2017-04-18 03:03:14,"'Smuts","Hold'em No Limit ($0.01/$0.02 USD) - 2017/0=","R.Sergei.rus","-0.02"
"29","169202500246:  ",2017-04-18 03:03:14,"'Smuts","Hold'em No Limit ($0.01/$0.02 USD) - 2017/0=","R.Sergei.rus","0.02"
"30","169202507365:  ",2017-04-18 03:03:39,"'Smuts","Hold'em No Limit ($0.01/$0.02 USD) - 2017/0=","R.Sergei.rus","-0.01"
"31","169202507365:  ",2017-04-18 03:03:39,"'Smuts","Hold'em No Limit ($0.01/$0.02 USD) - 2017/0=","sunnytrader","-0.02"
"32","169202507365:  ",2017-04-18 03:03:39,"'Smuts","Hold'em No Limit ($0.01/$0.02 USD) - 2017/0=","R.Sergei.rus","-0.06"
"33","169202507365:  ",2017-04-18 03:03:39,"'Smuts","Hold'em No Limit ($0.01/$0.02 USD) - 2017/0=","R.Sergei.rus","0.04"
"34","169204963723: ",2017-04-18 05:13:02,"'1882735677","Tournament #1882735677, 5 SC Hold'em No Limi=","daknettis","-150"
"35","169204963723: ",2017-04-18 05:13:02,"'1882735677","Tournament #1882735677, 5 SC Hold'em No Limi=","FRANCO365","-300"
"36","169204963723: ",2017-04-18 05:13:02,"'1882735677","Tournament #1882735677, 5 SC Hold'em No Limi=","icharbitro","-300"
"37","169204963723: ",2017-04-18 05:13:02,"'1882735677","Tournament #1882735677, 5 SC Hold'em No Limi=","daknettis","-150"
"38","169204963723: ",2017-04-18 05:13:02,"'1882735677","Tournament #1882735677, 5 SC Hold'em No Limi=","icharbitro","-300"
"39","169204963723: ",2017-04-18 05:13:02,"'1882735677","Tournament #1882735677, 5 SC Hold'em No Limi=","icharbitro","260"
"40","169204977084: ",2017-04-18 05:13:38,"'1882735677","Tournament #1882735677, 5 SC Hold'em No Limi=","FRANCO365","-150"
"41","169204977084: ",2017-04-18 05:13:38,"'1882735677","Tournament #1882735677, 5 SC Hold'em No Limi=","vodila310","-300"
"42","169204977084: ",2017-04-18 05:13:38,"'1882735677","Tournament #1882735677, 5 SC Hold'em No Limi=","the_wickstar","-300"
"43","169204977084: ",2017-04-18 05:13:38,"'1882735677","Tournament #1882735677, 5 SC Hold'em No Limi=","FRANCO365","260"
"44","169204985933: ",2017-04-18 05:14:01,"'1882735677","Tournament #1882735677, 5 SC Hold'em No Limi=","vodila310","-150"
"45","169204985933: ",2017-04-18 05:14:01,"'1882735677","Tournament #1882735677, 5 SC Hold'em No Limi=","ask702","-300"
"46","169204985933: ",2017-04-18 05:14:01,"'1882735677","Tournament #1882735677, 5 SC Hold'em No Limi=","the_wickstar","-300"
"47","169204985933: ",2017-04-18 05:14:01,"'1882735677","Tournament #1882735677, 5 SC Hold'em No Limi=","FRANCO365","516"
"48","169204985933: ",2017-04-18 05:14:01,"'1882735677","Tournament #1882735677, 5 SC Hold'em No Limi=","FRANCO365","960"
"49","169205002234: ",2017-04-18 05:14:44,"'1882735677","Tournament #1882735677, 5 SC Hold'em No Limi=","mc__cccp__70","-200"
"50","169205002234: ",2017-04-18 05:14:44,"'1882735677","Tournament #1882735677, 5 SC Hold'em No Limi=","icharbitro","-400"
"51","169205002234: ",2017-04-18 05:14:44,"'1882735677","Tournament #1882735677, 5 SC Hold'em No Limi=","the_wickstar","-800"
"52","169205002234: ",2017-04-18 05:14:44,"'1882735677","Tournament #1882735677, 5 SC Hold'em No Limi=","danmessi","-800"
"53","169205002234: ",2017-04-18 05:14:44,"'1882735677","Tournament #1882735677, 5 SC Hold'em No Limi=","icharbitro","-400"
"54","169205002234: ",2017-04-18 05:14:44,"'1882735677","Tournament #1882735677, 5 SC Hold'em No Limi=","the_wickstar","000"
"55","169205020483: ",2017-04-18 05:15:32,"'1882735677","Tournament #1882735677, 5 SC Hold'em No Limi=","icharbitro","-200"
"56","169205020483: ",2017-04-18 05:15:32,"'1882735677","Tournament #1882735677, 5 SC Hold'em No Limi=","kremper1","-400"
"57","169205020483: ",2017-04-18 05:15:32,"'1882735677","Tournament #1882735677, 5 SC Hold'em No Limi=","FRANCO365","-800"
"58","169205020483: ",2017-04-18 05:15:32,"'1882735677","Tournament #1882735677, 5 SC Hold'em No Limi=","FRANCO365","-100"
"59","169205020483: ",2017-04-18 05:15:32,"'1882735677","Tournament #1882735677, 5 SC Hold'em No Limi=","ask702","800"
"60","169205033625: ",2017-04-18 05:16:07,"'1882735677","Tournament #1882735677, 5 SC Hold'em No Limi=","kremper1","-200"
"61","169205033625: ",2017-04-18 05:16:07,"'1882735677","Tournament #1882735677, 5 SC Hold'em No Limi=","the_wickstar","-400"
"62","169205033625: ",2017-04-18 05:16:07,"'1882735677","Tournament #1882735677, 5 SC Hold'em No Limi=","daknettis","060"
"63","169205033625: ",2017-04-18 05:16:07,"'1882735677","Tournament #1882735677, 5 SC Hold'em No Limi=","danmessi","250"
"64","169205043916: ",2017-04-18 05:16:33,"'1882735677","Tournament #1882735677, 5 SC Hold'em No Limi=","the_wickstar","-200"
"65","169205043916: ",2017-04-18 05:16:33,"'1882735677","Tournament #1882735677, 5 SC Hold'em No Limi=","danmessi","-400"
"66","169205043916: ",2017-04-18 05:16:33,"'1882735677","Tournament #1882735677, 5 SC Hold'em No Limi=","danmessi","380"
"67","169205043916: ",2017-04-18 05:16:33,"'1882735677","Tournament #1882735677, 5 SC Hold'em No Limi=","danmessi","680"
"68","169205058249: ",2017-04-18 05:17:11,"'1882735677","Tournament #1882735677, 5 SC Hold'em No Limi=","danmessi","-200"
"69","169205058249: ",2017-04-18 05:17:11,"'1882735677","Tournament #1882735677, 5 SC Hold'em No Limi=","FRANCO365","-400"
"70","169205058249: ",2017-04-18 05:17:11,"'1882735677","Tournament #1882735677, 5 SC Hold'em No Limi=","the_wickstar","-400"
"71","169205058249: ",2017-04-18 05:17:11,"'1882735677","Tournament #1882735677, 5 SC Hold'em No Limi=","danmessi","-200"
"72","169205058249: ",2017-04-18 05:17:11,"'1882735677","Tournament #1882735677, 5 SC Hold'em No Limi=","FRANCO365","600"
"73","169205066071: ",2017-04-18 05:17:31,"'1882735677","Tournament #1882735677, 5 SC Hold'em No Limi=","FRANCO365","-200"
"74","169205066071: ",2017-04-18 05:17:31,"'1882735677","Tournament #1882735677, 5 SC Hold'em No Limi=","the_wickstar","-400"
"75","169205066071: ",2017-04-18 05:17:31,"'1882735677","Tournament #1882735677, 5 SC Hold'em No Limi=","danmessi","-400"
"76","169205066071: ",2017-04-18 05:17:31,"'1882735677","Tournament #1882735677, 5 SC Hold'em No Limi=","FRANCO365","788"
"77","169205066071: ",2017-04-18 05:17:31,"'1882735677","Tournament #1882735677, 5 SC Hold'em No Limi=","FRANCO365","696"
"78","169205078019: ",2017-04-18 05:18:02,"'1882735677","Tournament #1882735677, 5 SC Hold'em No Limi=","ask702","-200"
"79","169205078019: ",2017-04-18 05:18:02,"'1882735677","Tournament #1882735677, 5 SC Hold'em No Limi=","mc__cccp__70","-400"
"80","169205078019: ",2017-04-18 05:18:02,"'1882735677","Tournament #1882735677, 5 SC Hold'em No Limi=","icharbitro","-400"
"81","169205078019: ",2017-04-18 05:18:02,"'1882735677","Tournament #1882735677, 5 SC Hold'em No Limi=","danmessi","-200"
"82","169205078019: ",2017-04-18 05:18:02,"'1882735677","Tournament #1882735677, 5 SC Hold'em No Limi=","FRANCO365","-200"
"83","169205078019: ",2017-04-18 05:18:02,"'1882735677","Tournament #1882735677, 5 SC Hold'em No Limi=","ask702","-000"
"84","169205078019: ",2017-04-18 05:18:02,"'1882735677","Tournament #1882735677, 5 SC Hold'em No Limi=","danmessi","-200"
"85","169205078019: ",2017-04-18 05:18:02,"'1882735677","Tournament #1882735677, 5 SC Hold'em No Limi=","danmessi","570"
"86","169205109037: ",2017-04-18 05:19:23,"'1882735677","Tournament #1882735677, 5 SC Hold'em No Limi=","mc__cccp__70","-250"
"87","169205109037: ",2017-04-18 05:19:23,"'1882735677","Tournament #1882735677, 5 SC Hold'em No Limi=","icharbitro","-500"
"88","169205109037: ",2017-04-18 05:19:23,"'1882735677","Tournament #1882735677, 5 SC Hold'em No Limi=","icharbitro","-652"
"89","169205109037: ",2017-04-18 05:19:23,"'1882735677","Tournament #1882735677, 5 SC Hold'em No Limi=","icharbitro","2=20"
"90","169205109037: ",2017-04-18 05:19:23,"'1882735677","Tournament #1882735677, 5 SC Hold'em No Limi=","icharbitro","1=20"
"91","169205109037: ",2017-04-18 05:19:23,"'1882735677","Tournament #1882735677, 5 SC Hold'em No Limi=","icharbitro","070"
"92","169205126762: ",2017-04-18 05:20:09,"'1882735677","Tournament #1882735677, 5 SC Hold'em No Limi=","icharbitro","-250"
"93","169205126762: ",2017-04-18 05:20:09,"'1882735677","Tournament #1882735677, 5 SC Hold'em No Limi=","kremper1","-500"
"94","169205126762: ",2017-04-18 05:20:09,"'1882735677","Tournament #1882735677, 5 SC Hold'em No Limi=","danmessi","-500"
"95","169205126762: ",2017-04-18 05:20:09,"'1882735677","Tournament #1882735677, 5 SC Hold'em No Limi=","danmessi","-440"
"96","169205126762: ",2017-04-18 05:20:09,"'1882735677","Tournament #1882735677, 5 SC Hold'em No Limi=","smet181","110"
"97","169205140914: ",2017-04-18 05:20:46,"'1882735677","Tournament #1882735677, 5 SC Hold'em No Limi=","kremper1","-250"
"98","169205140914: ",2017-04-18 05:20:46,"'1882735677","Tournament #1882735677, 5 SC Hold'em No Limi=","the_wickstar","-500"
"99","169205140914: ",2017-04-18 05:20:46,"'1882735677","Tournament #1882735677, 5 SC Hold'em No Limi=","Moejoekoe86","790"
"100","169205149061: ",2017-04-18 05:21:07,"'1882735677","Tournament #1882735677, 5 SC Hold'em No Limi=","the_wickstar","-250"
"101","169205149061: ",2017-04-18 05:21:07,"'1882735677","Tournament #1882735677, 5 SC Hold'em No Limi=","danmessi","-500"
"102","169205149061: ",2017-04-18 05:21:07,"'1882735677","Tournament #1882735677, 5 SC Hold'em No Limi=","smet181","-000"
"103","169205149061: ",2017-04-18 05:21:07,"'1882735677","Tournament #1882735677, 5 SC Hold'em No Limi=","danmessi","-380"
"104","169205149061: ",2017-04-18 05:21:07,"'1882735677","Tournament #1882735677, 5 SC Hold'em No Limi=","danmessi","-110"
"105","169205149061: ",2017-04-18 05:21:07,"'1882735677","Tournament #1882735677, 5 SC Hold'em No Limi=","smet181","220"
"106","169205149061: ",2017-04-18 05:21:07,"'1882735677","Tournament #1882735677, 5 SC Hold'em No Limi=","smet181","430"
"107","169205171211: ",2017-04-18 05:22:03,"'1882735677","Tournament #1882735677, 5 SC Hold'em No Limi=","danmessi","-250"
"108","169205171211: ",2017-04-18 05:22:03,"'1882735677","Tournament #1882735677, 5 SC Hold'em No Limi=","smet181","-500"
"109","169205171211: ",2017-04-18 05:22:03,"'1882735677","Tournament #1882735677, 5 SC Hold'em No Limi=","smet181","-490"
"110","169205171211: ",2017-04-18 05:22:03,"'1882735677","Tournament #1882735677, 5 SC Hold'em No Limi=","Moejoekoe86","100"
"111","169205171211: ",2017-04-18 05:22:03,"'1882735677","Tournament #1882735677, 5 SC Hold'em No Limi=","Moejoekoe86","550"
"112","169205182476: ",2017-04-18 05:22:32,"'1882735677","Tournament #1882735677, 5 SC Hold'em No Limi=","smet181","-250"
"113","169205182476: ",2017-04-18 05:22:32,"'1882735677","Tournament #1882735677, 5 SC Hold'em No Limi=","FRANCO365","-500"
"114","169205182476: ",2017-04-18 05:22:32,"'1882735677","Tournament #1882735677, 5 SC Hold'em No Limi=","Moejoekoe86","-500"
"115","169205182476: ",2017-04-18 05:22:32,"'1882735677","Tournament #1882735677, 5 SC Hold'em No Limi=","smet181","-250"
"116","169205182476: ",2017-04-18 05:22:32,"'1882735677","Tournament #1882735677, 5 SC Hold'em No Limi=","smet181","-000"
"117","169205182476: ",2017-04-18 05:22:32,"'1882735677","Tournament #1882735677, 5 SC Hold'em No Limi=","Moejoekoe86","-000"
"118","169205182476: ",2017-04-18 05:22:32,"'1882735677","Tournament #1882735677, 5 SC Hold'em No Limi=","smet181","-000"
"119","169205182476: ",2017-04-18 05:22:32,"'1882735677","Tournament #1882735677, 5 SC Hold'em No Limi=","smet181","980"
"120","169205198195: ",2017-04-18 05:23:13,"'1882735677","Tournament #1882735677, 5 SC Hold'em No Limi=","FRANCO365","-250"
"121","169205198195: ",2017-04-18 05:23:13,"'1882735677","Tournament #1882735677, 5 SC Hold'em No Limi=","Moejoekoe86","-500"
"122","169205198195: ",2017-04-18 05:23:13,"'1882735677","Tournament #1882735677, 5 SC Hold'em No Limi=","Moejoekoe86","-880"
"123","169205198195: ",2017-04-18 05:23:13,"'1882735677","Tournament #1882735677, 5 SC Hold'em No Limi=","FRANCO365","2=20"
"124","169205198195: ",2017-04-18 05:23:13,"'1882735677","Tournament #1882735677, 5 SC Hold'em No Limi=","Moejoekoe86","2=20"
"125","169205198195: ",2017-04-18 05:23:13,"'1882735677","Tournament #1882735677, 5 SC Hold'em No Limi=","king","1=20"
"126","169205198195: ",2017-04-18 05:23:13,"'1882735677","Tournament #1882735677, 5 SC Hold'em No Limi=","king","420"
"127","169205216686: ",2017-04-18 05:24:01,"'1882735677","Tournament #1882735677, 5 SC Hold'em No Limi=","Moejoekoe86","-250"
"128","169205216686: ",2017-04-18 05:24:01,"'1882735677","Tournament #1882735677, 5 SC Hold'em No Limi=","ask702","-500"
"129","169205216686: ",2017-04-18 05:24:01,"'1882735677","Tournament #1882735677, 5 SC Hold'em No Limi=","kremper1","-500"
"130","169205216686: ",2017-04-18 05:24:01,"'1882735677","Tournament #1882735677, 5 SC Hold'em No Limi=","the_wickstar","-500"
"131","169205216686: ",2017-04-18 05:24:01,"'1882735677","Tournament #1882735677, 5 SC Hold'em No Limi=","Moejoekoe86","-690"
"132","169205216686: ",2017-04-18 05:24:01,"'1882735677","Tournament #1882735677, 5 SC Hold'em No Limi=","ask702","-440"
"133","169205216686: ",2017-04-18 05:24:01,"'1882735677","Tournament #1882735677, 5 SC Hold'em No Limi=","kremper1","-440"
"134","169205216686: ",2017-04-18 05:24:01,"'1882735677","Tournament #1882735677, 5 SC Hold'em No Limi=","ask702","3=20"
"135","169205216686: ",2017-04-18 05:24:01,"'1882735677","Tournament #1882735677, 5 SC Hold'em No Limi=","ask702","2=20"
"136","169205216686: ",2017-04-18 05:24:01,"'1882735677","Tournament #1882735677, 5 SC Hold'em No Limi=","ask702","1=20"
"137","169205216686: ",2017-04-18 05:24:01,"'1882735677","Tournament #1882735677, 5 SC Hold'em No Limi=","FRANCO365","960"
"138","169205248136: ",2017-04-18 05:25:22,"'1882735677","Tournament #1882735677, 5 SC Hold'em No Limi=","ask702","-300"
"139","169205248136: ",2017-04-18 05:25:22,"'1882735677","Tournament #1882735677, 5 SC Hold'em No Limi=","mc__cccp__70","-600"
"140","169205248136: ",2017-04-18 05:25:22,"'1882735677","Tournament #1882735677, 5 SC Hold'em No Limi=","smet181","-930"
"141","169205248136: ",2017-04-18 05:25:22,"'1882735677","Tournament #1882735677, 5 SC Hold'em No Limi=","smet181","-770"
"142","169205248136: ",2017-04-18 05:25:22,"'1882735677","Tournament #1882735677, 5 SC Hold'em No Limi=","smet181","-200"
"143","169205248136: ",2017-04-18 05:25:22,"'1882735677","Tournament #1882735677, 5 SC Hold'em No Limi=","smet181","-200"
"144","169205248136: ",2017-04-18 05:25:22,"'1882735677","Tournament #1882735677, 5 SC Hold'em No Limi=","king","2=20"
"145","169205248136: ",2017-04-18 05:25:22,"'1882735677","Tournament #1882735677, 5 SC Hold'em No Limi=","Moejoekoe86","1=20"
"146","169205248136: ",2017-04-18 05:25:22,"'1882735677","Tournament #1882735677, 5 SC Hold'em No Limi=","Moejoekoe86","250"
"147","169205268697: ",2017-04-18 05:26:14,"'1882735677","Tournament #1882735677, 5 SC Hold'em No Limi=","mc__cccp__70","-300"
"148","169205268697: ",2017-04-18 05:26:14,"'1882735677","Tournament #1882735677, 5 SC Hold'em No Limi=","king","080"
"149","169205268697: ",2017-04-18 05:26:14,"'1882735677","Tournament #1882735677, 5 SC Hold'em No Limi=","FRANCO365","390"
"150","169205282336: ",2017-04-18 05:26:49,"'1882735677","Tournament #1882735677, 5 SC Hold'em No Limi=","kremper1","-600"
"151","169205282336: ",2017-04-18 05:26:49,"'1882735677","Tournament #1882735677, 5 SC Hold'em No Limi=","the_wickstar","-600"
"152","169205282336: ",2017-04-18 05:26:49,"'1882735677","Tournament #1882735677, 5 SC Hold'em No Limi=","Moejoekoe86","-600"
"153","169205282336: ",2017-04-18 05:26:49,"'1882735677","Tournament #1882735677, 5 SC Hold'em No Limi=","king","210"
"154","169205282336: ",2017-04-18 05:26:49,"'1882735677","Tournament #1882735677, 5 SC Hold'em No Limi=","mc__cccp__70","210"
"155","169205282336: ",2017-04-18 05:26:49,"'1882735677","Tournament #1882735677, 5 SC Hold'em No Limi=","the_wickstar","200"
"156","169205297001: ",2017-04-18 05:27:26,"'1882735677","Tournament #1882735677, 5 SC Hold'em No Limi=","kremper1","-300"
"157","169205297001: ",2017-04-18 05:27:26,"'1882735677","Tournament #1882735677, 5 SC Hold'em No Limi=","the_wickstar","-600"
"158","169205297001: ",2017-04-18 05:27:26,"'1882735677","Tournament #1882735677, 5 SC Hold'em No Limi=","FRANCO365","-600"
"159","169205297001: ",2017-04-18 05:27:26,"'1882735677","Tournament #1882735677, 5 SC Hold'em No Limi=","Moejoekoe86","-600"
"160","169205297001: ",2017-04-18 05:27:26,"'1882735677","Tournament #1882735677, 5 SC Hold'em No Limi=","Moejoekoe86","-540"
"161","169205297001: ",2017-04-18 05:27:26,"'1882735677","Tournament #1882735677, 5 SC Hold'em No Limi=","Moejoekoe86","780"
"162","169205297001: ",2017-04-18 05:27:26,"'1882735677","Tournament #1882735677, 5 SC Hold'em No Limi=","Moejoekoe86","280"
"163","169205309669: ",2017-04-18 05:27:58,"'1882735677","Tournament #1882735677, 5 SC Hold'em No Limi=","the_wickstar","-300"
"164","169205309669: ",2017-04-18 05:27:58,"'1882735677","Tournament #1882735677, 5 SC Hold'em No Limi=","danmessi","-600"
"165","169205309669: ",2017-04-18 05:27:58,"'1882735677","Tournament #1882735677, 5 SC Hold'em No Limi=","smet181","-600"
"166","169205309669: ",2017-04-18 05:27:58,"'1882735677","Tournament #1882735677, 5 SC Hold'em No Limi=","mc__cccp__70","-930"
"167","169205309669: ",2017-04-18 05:27:58,"'1882735677","Tournament #1882735677, 5 SC Hold'em No Limi=","smet181","-330"
"168","169205309669: ",2017-04-18 05:27:58,"'1882735677","Tournament #1882735677, 5 SC Hold'em No Limi=","smet181","-800"
"169","169205309669: ",2017-04-18 05:27:58,"'1882735677","Tournament #1882735677, 5 SC Hold'em No Limi=","mc__cccp__70","-800"
"170","169205309669: ",2017-04-18 05:27:58,"'1882735677","Tournament #1882735677, 5 SC Hold'em No Limi=","smet181","-800"
"171","169205309669: ",2017-04-18 05:27:58,"'1882735677","Tournament #1882735677, 5 SC Hold'em No Limi=","mc__cccp__70","-800"
"172","169205309669: ",2017-04-18 05:27:58,"'1882735677","Tournament #1882735677, 5 SC Hold'em No Limi=","smet181","-200"
"173","169205309669: ",2017-04-18 05:27:58,"'1882735677","Tournament #1882735677, 5 SC Hold'em No Limi=","mc__cccp__70","-200"
"174","169205309669: ",2017-04-18 05:27:58,"'1882735677","Tournament #1882735677, 5 SC Hold'em No Limi=","mc__cccp__70","600"
"175","169205309669: ",2017-04-18 05:27:58,"'1882735677","Tournament #1882735677, 5 SC Hold'em No Limi=","king","250"
"176","169205331082: ",2017-04-18 05:28:51,"'1882735677","Tournament #1882735677, 5 SC Hold'em No Limi=","danmessi","-300"
"177","169205331082: ",2017-04-18 05:28:51,"'1882735677","Tournament #1882735677, 5 SC Hold'em No Limi=","smet181","-600"
"178","169205331082: ",2017-04-18 05:28:51,"'1882735677","Tournament #1882735677, 5 SC Hold'em No Limi=","FRANCO365","2=20"
"179","169205331082: ",2017-04-18 05:28:51,"'1882735677","Tournament #1882735677, 5 SC Hold'em No Limi=","FRANCO365","1=20"
"180","169205331082: ",2017-04-18 05:28:51,"'1882735677","Tournament #1882735677, 5 SC Hold'em No Limi=","FRANCO365","640"
"181","169205350698: ",2017-04-18 05:29:41,"'1882735677","Tournament #1882735677, 5 SC Hold'em No Limi=","FRANCO365","-350"
"182","169205350698: ",2017-04-18 05:29:41,"'1882735677","Tournament #1882735677, 5 SC Hold'em No Limi=","Moejoekoe86","-700"
"183","169205350698: ",2017-04-18 05:29:41,"'1882735677","Tournament #1882735677, 5 SC Hold'em No Limi=","FRANCO365","995"
"184","169205356160: ",2017-04-18 05:29:55,"'1882735677","Tournament #1882735677, 5 SC Hold'em No Limi=","Moejoekoe86","-350"
"185","169205356160: ",2017-04-18 05:29:55,"'1882735677","Tournament #1882735677, 5 SC Hold'em No Limi=","mc__cccp__70","-700"
"186","169205356160: ",2017-04-18 05:29:55,"'1882735677","Tournament #1882735677, 5 SC Hold'em No Limi=","sportler71","-700"
"187","169205356160: ",2017-04-18 05:29:55,"'1882735677","Tournament #1882735677, 5 SC Hold'em No Limi=","FRANCO365","590"
"188","169205369964: ",2017-04-18 05:30:30,"'1882735677","Tournament #1882735677, 5 SC Hold'em No Limi=","mc__cccp__70","-350"
"189","169205369964: ",2017-04-18 05:30:30,"'1882735677","Tournament #1882735677, 5 SC Hold'em No Limi=","kremper1","-700"
"190","169205369964: ",2017-04-18 05:30:30,"'1882735677","Tournament #1882735677, 5 SC Hold'em No Limi=","Moejoekoe86","-700"
"191","169205369964: ",2017-04-18 05:30:30,"'1882735677","Tournament #1882735677, 5 SC Hold'em No Limi=","mc__cccp__70","340"
"192","169205369964: ",2017-04-18 05:30:30,"'1882735677","Tournament #1882735677, 5 SC Hold'em No Limi=","mc__cccp__70","615"
"193","169205386604: ",2017-04-18 05:31:12,"'1882735677","Tournament #1882735677, 5 SC Hold'em No Limi=","kremper1","-700"
"194","169205386604: ",2017-04-18 05:31:12,"'1882735677","Tournament #1882735677, 5 SC Hold'em No Limi=","sportler71","-700"
"195","169205386604: ",2017-04-18 05:31:12,"'1882735677","Tournament #1882735677, 5 SC Hold'em No Limi=","smet181","-700"
"196","169205386604: ",2017-04-18 05:31:12,"'1882735677","Tournament #1882735677, 5 SC Hold'em No Limi=","sportler71","-215"
"197","169205386604: ",2017-04-18 05:31:12,"'1882735677","Tournament #1882735677, 5 SC Hold'em No Limi=","smet181","-215"
"198","169205386604: ",2017-04-18 05:31:12,"'1882735677","Tournament #1882735677, 5 SC Hold'em No Limi=","sportler71","-800"
"199","169205386604: ",2017-04-18 05:31:12,"'1882735677","Tournament #1882735677, 5 SC Hold'em No Limi=","king","340"
"200","169205403795: ",2017-04-18 05:31:55,"'1882735677","Tournament #1882735677, 5 SC Hold'em No Limi=","kremper1","-350"
"201","169205403795: ",2017-04-18 05:31:55,"'1882735677","Tournament #1882735677, 5 SC Hold'em No Limi=","the_wickstar","-700"
"202","169205403795: ",2017-04-18 05:31:55,"'1882735677","Tournament #1882735677, 5 SC Hold'em No Limi=","sportler71","-700"
"203","169205403795: ",2017-04-18 05:31:55,"'1882735677","Tournament #1882735677, 5 SC Hold'em No Limi=","king","2=20"
"204","169205403795: ",2017-04-18 05:31:55,"'1882735677","Tournament #1882735677, 5 SC Hold'em No Limi=","king","1=20"
"205","169205403795: ",2017-04-18 05:31:55,"'1882735677","Tournament #1882735677, 5 SC Hold'em No Limi=","king","825"
"206","169205417032: ",2017-04-18 05:32:29,"'1882735677","Tournament #1882735677, 5 SC Hold'em No Limi=","the_wickstar","-350"
"207","169205417032: ",2017-04-18 05:32:29,"'1882735677","Tournament #1882735677, 5 SC Hold'em No Limi=","sportler71","-700"
"208","169205417032: ",2017-04-18 05:32:29,"'1882735677","Tournament #1882735677, 5 SC Hold'em No Limi=","mc__cccp__70","553"
"209","169205417032: ",2017-04-18 05:32:29,"'1882735677","Tournament #1882735677, 5 SC Hold'em No Limi=","king","552"
"210","169205427239: ",2017-04-18 05:32:55,"'1882735677","Tournament #1882735677, 5 SC Hold'em No Limi=","sportler71","-350"
"211","169205427239: ",2017-04-18 05:32:55,"'1882735677","Tournament #1882735677, 5 SC Hold'em No Limi=","smet181","-700"
"212","169205427239: ",2017-04-18 05:32:55,"'1882735677","Tournament #1882735677, 5 SC Hold'em No Limi=","atika2807","-700"
"213","169205427239: ",2017-04-18 05:32:55,"'1882735677","Tournament #1882735677, 5 SC Hold'em No Limi=","the_wickstar","-700"
"214","169205427239: ",2017-04-18 05:32:55,"'1882735677","Tournament #1882735677, 5 SC Hold'em No Limi=","sportler71","-350"
"215","169205427239: ",2017-04-18 05:32:55,"'1882735677","Tournament #1882735677, 5 SC Hold'em No Limi=","the_wickstar","-200"
"216","169205427239: ",2017-04-18 05:32:55,"'1882735677","Tournament #1882735677, 5 SC Hold'em No Limi=","king","755"
"217","169205560435:  ",2017-04-18 05:38:13,"'Mathesis","Hold'em No Limit ($0.02/$0.05 USD) - 2017/0=","4ert966","-0.02"
"218","169205560435:  ",2017-04-18 05:38:13,"'Mathesis","Hold'em No Limit ($0.02/$0.05 USD) - 2017/0=","the_wickstar","-0.05"
"219","169205560435:  ",2017-04-18 05:38:13,"'Mathesis","Hold'em No Limit ($0.02/$0.05 USD) - 2017/0=","Milva83","-0.15"
"220","169205560435:  ",2017-04-18 05:38:13,"'Mathesis","Hold'em No Limit ($0.02/$0.05 USD) - 2017/0=","RaptNurs","-0.15"
"221","169205560435:  ",2017-04-18 05:38:13,"'Mathesis","Hold'em No Limit ($0.02/$0.05 USD) - 2017/0=","the_wickstar","-0.10"
"222","169205560435:  ",2017-04-18 05:38:13,"'Mathesis","Hold'em No Limit ($0.02/$0.05 USD) - 2017/0=","the_wickstar","-0.45"
"223","169205560435:  ",2017-04-18 05:38:13,"'Mathesis","Hold'em No Limit ($0.02/$0.05 USD) - 2017/0=","RaptNurs","1.31"
"224","169205579221:  ",2017-04-18 05:39:00,"'Mathesis","Hold'em No Limit ($0.02/$0.05 USD) - 2017/0=","69sirov69","-0.02"
"225","169205579221:  ",2017-04-18 05:39:00,"'Mathesis","Hold'em No Limit ($0.02/$0.05 USD) - 2017/0=","Milva83","-0.05"
"226","169205579221:  ",2017-04-18 05:39:00,"'Mathesis","Hold'em No Limit ($0.02/$0.05 USD) - 2017/0=","the_wickstar","-0.05"
"227","169205579221:  ",2017-04-18 05:39:00,"'Mathesis","Hold'em No Limit ($0.02/$0.05 USD) - 2017/0=","Milva83","-0.35"
"228","169205579221:  ",2017-04-18 05:39:00,"'Mathesis","Hold'em No Limit ($0.02/$0.05 USD) - 2017/0=","the_wickstar","-0.30"
"229","169205579221:  ",2017-04-18 05:39:00,"'Mathesis","Hold'em No Limit ($0.02/$0.05 USD) - 2017/0=","the_wickstar","0.69"
"230","169205600369:  ",2017-04-18 05:39:53,"'Mathesis","Hold'em No Limit ($0.02/$0.05 USD) - 2017/0=","Milva83","-0.02"
"231","169205600369:  ",2017-04-18 05:39:53,"'Mathesis","Hold'em No Limit ($0.02/$0.05 USD) - 2017/0=","RaptNurs","-0.05"
"232","169205600369:  ",2017-04-18 05:39:53,"'Mathesis","Hold'em No Limit ($0.02/$0.05 USD) - 2017/0=","the_wickstar","-0.05"
"233","169205600369:  ",2017-04-18 05:39:53,"'Mathesis","Hold'em No Limit ($0.02/$0.05 USD) - 2017/0=","69sirov69","-0.05"
"234","169205600369:  ",2017-04-18 05:39:53,"'Mathesis","Hold'em No Limit ($0.02/$0.05 USD) - 2017/0=","RaptNurs","-0.12"
"235","169205600369:  ",2017-04-18 05:39:53,"'Mathesis","Hold'em No Limit ($0.02/$0.05 USD) - 2017/0=","RaptNurs","0.16"
"236","169205615781:  ",2017-04-18 05:40:32,"'Mathesis","Hold'em No Limit ($0.02/$0.05 USD) - 2017/0=","RaptNurs","-0.02"
"237","169205615781:  ",2017-04-18 05:40:32,"'Mathesis","Hold'em No Limit ($0.02/$0.05 USD) - 2017/0=","the_wickstar","-0.05"
"238","169205615781:  ",2017-04-18 05:40:32,"'Mathesis","Hold'em No Limit ($0.02/$0.05 USD) - 2017/0=","69sirov69","-0.15"
"239","169205615781:  ",2017-04-18 05:40:32,"'Mathesis","Hold'em No Limit ($0.02/$0.05 USD) - 2017/0=","the_wickstar","-0.10"
"240","169205615781:  ",2017-04-18 05:40:32,"'Mathesis","Hold'em No Limit ($0.02/$0.05 USD) - 2017/0=","the_wickstar","-0.17"
"241","169205615781:  ",2017-04-18 05:40:32,"'Mathesis","Hold'em No Limit ($0.02/$0.05 USD) - 2017/0=","the_wickstar","0.31"
"242","169205629324:  ",2017-04-18 05:41:06,"'Mathesis","Hold'em No Limit ($0.02/$0.05 USD) - 2017/0=","the_wickstar","-0.02"
"243","169205629324:  ",2017-04-18 05:41:06,"'Mathesis","Hold'em No Limit ($0.02/$0.05 USD) - 2017/0=","69sirov69","-0.05"
"244","169205629324:  ",2017-04-18 05:41:06,"'Mathesis","Hold'em No Limit ($0.02/$0.05 USD) - 2017/0=","69sirov69","0.04"
"245","169205635567:  ",2017-04-18 05:41:21,"'Mathesis","Hold'em No Limit ($0.02/$0.05 USD) - 2017/0=","69sirov69","-0.02"
"246","169205635567:  ",2017-04-18 05:41:21,"'Mathesis","Hold'em No Limit ($0.02/$0.05 USD) - 2017/0=","Sineie","-0.05"
"247","169205635567:  ",2017-04-18 05:41:21,"'Mathesis","Hold'em No Limit ($0.02/$0.05 USD) - 2017/0=","the_wickstar","-0.10"
"248","169205635567:  ",2017-04-18 05:41:21,"'Mathesis","Hold'em No Limit ($0.02/$0.05 USD) - 2017/0=","69sirov69","-0.08"
"249","169205635567:  ",2017-04-18 05:41:21,"'Mathesis","Hold'em No Limit ($0.02/$0.05 USD) - 2017/0=","the_wickstar","-0.24"
"250","169205635567:  ",2017-04-18 05:41:21,"'Mathesis","Hold'em No Limit ($0.02/$0.05 USD) - 2017/0=","the_wickstar","0.24"
"251","169205650646:  ",2017-04-18 05:41:59,"'Adelaide","Hold'em No Limit ($0.02/$0.05 USD) - 2017/0=","Cocucbka*Pro","-0.02"
"252","169205650646:  ",2017-04-18 05:41:59,"'Adelaide","Hold'em No Limit ($0.02/$0.05 USD) - 2017/0=","the_wickstar","-0.05"
"253","169205650646:  ",2017-04-18 05:41:59,"'Adelaide","Hold'em No Limit ($0.02/$0.05 USD) - 2017/0=","Cocucbka*Pro","-0.12"
"254","169205650646:  ",2017-04-18 05:41:59,"'Adelaide","Hold'em No Limit ($0.02/$0.05 USD) - 2017/0=","Cocucbka*Pro","0.10"
"255","169205652411:  ",2017-04-18 05:42:03,"'Mathesis","Hold'em No Limit ($0.02/$0.05 USD) - 2017/0=","Sineie","-0.02"
"256","169205652411:  ",2017-04-18 05:42:03,"'Mathesis","Hold'em No Limit ($0.02/$0.05 USD) - 2017/0=","Milva83","-0.05"
"257","169205652411:  ",2017-04-18 05:42:03,"'Mathesis","Hold'em No Limit ($0.02/$0.05 USD) - 2017/0=","the_wickstar","-0.05"
"258","169205652411:  ",2017-04-18 05:42:03,"'Mathesis","Hold'em No Limit ($0.02/$0.05 USD) - 2017/0=","the_wickstar","-0.06"
"259","169205652411:  ",2017-04-18 05:42:03,"'Mathesis","Hold'em No Limit ($0.02/$0.05 USD) - 2017/0=","the_wickstar","0.12"
"260","169205662985:  ",2017-04-18 05:42:30,"'Mathesis","Hold'em No Limit ($0.02/$0.05 USD) - 2017/0=","Milva83","-0.02"
"261","169205662985:  ",2017-04-18 05:42:30,"'Mathesis","Hold'em No Limit ($0.02/$0.05 USD) - 2017/0=","RaptNurs","-0.05"
"262","169205662985:  ",2017-04-18 05:42:30,"'Mathesis","Hold'em No Limit ($0.02/$0.05 USD) - 2017/0=","Sineie","-0.10"
"263","169205662985:  ",2017-04-18 05:42:30,"'Mathesis","Hold'em No Limit ($0.02/$0.05 USD) - 2017/0=","Milva83","-0.40"
"264","169205662985:  ",2017-04-18 05:42:30,"'Mathesis","Hold'em No Limit ($0.02/$0.05 USD) - 2017/0=","Milva83","0.25"
"265","169205663265:  ",2017-04-18 05:42:30,"'Adelaide","Hold'em No Limit ($0.02/$0.05 USD) - 2017/0=","the_wickstar","-0.02"
"266","169205663265:  ",2017-04-18 05:42:30,"'Adelaide","Hold'em No Limit ($0.02/$0.05 USD) - 2017/0=","MarkClyde","-0.05"
"267","169205663265:  ",2017-04-18 05:42:30,"'Adelaide","Hold'em No Limit ($0.02/$0.05 USD) - 2017/0=","Yeiko8mm","-0.10"
"268","169205663265:  ",2017-04-18 05:42:30,"'Adelaide","Hold'em No Limit ($0.02/$0.05 USD) - 2017/0=","Cocucbka*Pro","-0.10"
"269","169205663265:  ",2017-04-18 05:42:30,"'Adelaide","Hold'em No Limit ($0.02/$0.05 USD) - 2017/0=","the_wickstar","-0.70"
"270","169205663265:  ",2017-04-18 05:42:30,"'Adelaide","Hold'em No Limit ($0.02/$0.05 USD) - 2017/0=","the_wickstar","0.35"
"271","169205670656:  ",2017-04-18 05:42:49,"'Mathesis","Hold'em No Limit ($0.02/$0.05 USD) - 2017/0=","RaptNurs","-0.02"
"272","169205670656:  ",2017-04-18 05:42:49,"'Mathesis","Hold'em No Limit ($0.02/$0.05 USD) - 2017/0=","the_wickstar","-0.05"
"273","169205670656:  ",2017-04-18 05:42:49,"'Mathesis","Hold'em No Limit ($0.02/$0.05 USD) - 2017/0=","Milva83","-0.12"
"274","169205670656:  ",2017-04-18 05:42:49,"'Mathesis","Hold'em No Limit ($0.02/$0.05 USD) - 2017/0=","the_wickstar","-0.07"
"275","169205670656:  ",2017-04-18 05:42:49,"'Mathesis","Hold'em No Limit ($0.02/$0.05 USD) - 2017/0=","the_wickstar","-0.25"
"276","169205670656:  ",2017-04-18 05:42:49,"'Mathesis","Hold'em No Limit ($0.02/$0.05 USD) - 2017/0=","Milva83","-0.80"
"277","169205670656:  ",2017-04-18 05:42:49,"'Mathesis","Hold'em No Limit ($0.02/$0.05 USD) - 2017/0=","Milva83","-1.12"
"278","169205670656:  ",2017-04-18 05:42:49,"'Mathesis","Hold'em No Limit ($0.02/$0.05 USD) - 2017/0=","the_wickstar","1.97"
"279","169205670656:  ",2017-04-18 05:42:49,"'Mathesis","Hold'em No Limit ($0.02/$0.05 USD) - 2017/0=","Milva83","1.96"
"280","169205678929:  ",2017-04-18 05:43:09,"'Adelaide","Hold'em No Limit ($0.02/$0.05 USD) - 2017/0=","MarkClyde","-0.02"
"281","169205678929:  ",2017-04-18 05:43:09,"'Adelaide","Hold'em No Limit ($0.02/$0.05 USD) - 2017/0=","Gissbon","-0.05"
"282","169205678929:  ",2017-04-18 05:43:09,"'Adelaide","Hold'em No Limit ($0.02/$0.05 USD) - 2017/0=","Cocucbka*Pro","-0.12"
"283","169205678929:  ",2017-04-18 05:43:09,"'Adelaide","Hold'em No Limit ($0.02/$0.05 USD) - 2017/0=","Cocucbka*Pro","0.12"
"284","169205689085:  ",2017-04-18 05:43:35,"'Mathesis","Hold'em No Limit ($0.02/$0.05 USD) - 2017/0=","the_wickstar","-0.02"
"285","169205689085:  ",2017-04-18 05:43:35,"'Mathesis","Hold'em No Limit ($0.02/$0.05 USD) - 2017/0=","69sirov69","-0.05"
"286","169205689085:  ",2017-04-18 05:43:35,"'Mathesis","Hold'em No Limit ($0.02/$0.05 USD) - 2017/0=","RaptNurs","-0.11"
"287","169205689085:  ",2017-04-18 05:43:35,"'Mathesis","Hold'em No Limit ($0.02/$0.05 USD) - 2017/0=","69sirov69","-0.06"
"288","169205689085:  ",2017-04-18 05:43:35,"'Mathesis","Hold'em No Limit ($0.02/$0.05 USD) - 2017/0=","RaptNurs","-0.18"
"289","169205689085:  ",2017-04-18 05:43:35,"'Mathesis","Hold'em No Limit ($0.02/$0.05 USD) - 2017/0=","RaptNurs","0.23"
"290","169205697558:  ",2017-04-18 05:43:56,"'Adelaide","Hold'em No Limit ($0.02/$0.05 USD) - 2017/0=","Gissbon","-0.02"
"291","169205697558:  ",2017-04-18 05:43:56,"'Adelaide","Hold'em No Limit ($0.02/$0.05 USD) - 2017/0=","RaPnYtiu23","-0.05"
"292","169205697558:  ",2017-04-18 05:43:56,"'Adelaide","Hold'em No Limit ($0.02/$0.05 USD) - 2017/0=","Yeiko8mm","-0.10"
"293","169205697558:  ",2017-04-18 05:43:56,"'Adelaide","Hold'em No Limit ($0.02/$0.05 USD) - 2017/0=","Yeiko8mm","0.12"
"294","169205698804:  ",2017-04-18 05:43:59,"'Mathesis","Hold'em No Limit ($0.02/$0.05 USD) - 2017/0=","69sirov69","-0.02"
"295","169205698804:  ",2017-04-18 05:43:59,"'Mathesis","Hold'em No Limit ($0.02/$0.05 USD) - 2017/0=","Milva83","-0.05"
"296","169205698804:  ",2017-04-18 05:43:59,"'Mathesis","Hold'em No Limit ($0.02/$0.05 USD) - 2017/0=","4ert966","-0.07"
"297","169205698804:  ",2017-04-18 05:43:59,"'Mathesis","Hold'em No Limit ($0.02/$0.05 USD) - 2017/0=","the_wickstar","-0.05"
"298","169205698804:  ",2017-04-18 05:43:59,"'Mathesis","Hold'em No Limit ($0.02/$0.05 USD) - 2017/0=","69sirov69","-0.27"
"299","169205698804:  ",2017-04-18 05:43:59,"'Mathesis","Hold'em No Limit ($0.02/$0.05 USD) - 2017/0=","69sirov69","0.22"
"300","169205707661:  ",2017-04-18 05:44:21,"'Adelaide","Hold'em No Limit ($0.02/$0.05 USD) - 2017/0=","RaPnYtiu23","-0.02"
"301","169205707661:  ",2017-04-18 05:44:21,"'Adelaide","Hold'em No Limit ($0.02/$0.05 USD) - 2017/0=","Strelo4ekk","-0.05"
"302","169205707661:  ",2017-04-18 05:44:21,"'Adelaide","Hold'em No Limit ($0.02/$0.05 USD) - 2017/0=","the_wickstar","-0.10"
"303","169205707661:  ",2017-04-18 05:44:21,"'Adelaide","Hold'em No Limit ($0.02/$0.05 USD) - 2017/0=","RaPnYtiu23","-0.08"
"304","169205707661:  ",2017-04-18 05:44:21,"'Adelaide","Hold'em No Limit ($0.02/$0.05 USD) - 2017/0=","the_wickstar","-0.24"
"305","169205707661:  ",2017-04-18 05:44:21,"'Adelaide","Hold'em No Limit ($0.02/$0.05 USD) - 2017/0=","RaPnYtiu23","-0.24"
"306","169205707661:  ",2017-04-18 05:44:21,"'Adelaide","Hold'em No Limit ($0.02/$0.05 USD) - 2017/0=","the_wickstar","-0.70"
"307","169205707661:  ",2017-04-18 05:44:21,"'Adelaide","Hold'em No Limit ($0.02/$0.05 USD) - 2017/0=","the_wickstar","0.70"
"308","169205708919:  ",2017-04-18 05:44:24,"'Mathesis","Hold'em No Limit ($0.02/$0.05 USD) - 2017/0=","Milva83","-0.02"
"309","169205708919:  ",2017-04-18 05:44:24,"'Mathesis","Hold'em No Limit ($0.02/$0.05 USD) - 2017/0=","RaptNurs","-0.05"
"310","169205708919:  ",2017-04-18 05:44:24,"'Mathesis","Hold'em No Limit ($0.02/$0.05 USD) - 2017/0=","the_wickstar","-0.05"
"311","169205708919:  ",2017-04-18 05:44:24,"'Mathesis","Hold'em No Limit ($0.02/$0.05 USD) - 2017/0=","69sirov69","-0.05"
"312","169205708919:  ",2017-04-18 05:44:24,"'Mathesis","Hold'em No Limit ($0.02/$0.05 USD) - 2017/0=","69sirov69","-0.10"
"313","169205708919:  ",2017-04-18 05:44:24,"'Mathesis","Hold'em No Limit ($0.02/$0.05 USD) - 2017/0=","69sirov69","0.16"
"314","169205727412:  ",2017-04-18 05:45:09,"'Mathesis","Hold'em No Limit ($0.02/$0.05 USD) - 2017/0=","RaptNurs","-0.02"
"315","169205727412:  ",2017-04-18 05:45:09,"'Mathesis","Hold'em No Limit ($0.02/$0.05 USD) - 2017/0=","4ert966","-0.05"
"316","169205727412:  ",2017-04-18 05:45:09,"'Mathesis","Hold'em No Limit ($0.02/$0.05 USD) - 2017/0=","RaptNurs","-0.15"
"317","169205727412:  ",2017-04-18 05:45:09,"'Mathesis","Hold'em No Limit ($0.02/$0.05 USD) - 2017/0=","4ert966","-0.45"
"318","169205727412:  ",2017-04-18 05:45:09,"'Mathesis","Hold'em No Limit ($0.02/$0.05 USD) - 2017/0=","4ert966","0.30"
"319","169205739616:  ",2017-04-18 05:45:39,"'Adelaide","Hold'em No Limit ($0.02/$0.05 USD) - 2017/0=","Strelo4ekk","-0.02"
"320","169205739616:  ",2017-04-18 05:45:39,"'Adelaide","Hold'em No Limit ($0.02/$0.05 USD) - 2017/0=","Yeiko8mm","-0.05"
"321","169205739616:  ",2017-04-18 05:45:39,"'Adelaide","Hold'em No Limit ($0.02/$0.05 USD) - 2017/0=","Yeiko8mm","0.04"
"322","169205743873:  ",2017-04-18 05:45:50,"'Mathesis","Hold'em No Limit ($0.02/$0.05 USD) - 2017/0=","4ert966","-0.02"
"323","169205743873:  ",2017-04-18 05:45:50,"'Mathesis","Hold'em No Limit ($0.02/$0.05 USD) - 2017/0=","the_wickstar","-0.05"
"324","169205743873:  ",2017-04-18 05:45:50,"'Mathesis","Hold'em No Limit ($0.02/$0.05 USD) - 2017/0=","69sirov69","-0.15"
"325","169205743873:  ",2017-04-18 05:45:50,"'Mathesis","Hold'em No Limit ($0.02/$0.05 USD) - 2017/0=","69sirov69","0.12"
"326","169205747089:  ",2017-04-18 05:45:58,"'Adelaide","Hold'em No Limit ($0.02/$0.05 USD) - 2017/0=","Yeiko8mm","-0.02"
"327","169205747089:  ",2017-04-18 05:45:58,"'Adelaide","Hold'em No Limit ($0.02/$0.05 USD) - 2017/0=","Stingg","-0.05"
"328","169205747089:  ",2017-04-18 05:45:58,"'Adelaide","Hold'em No Limit ($0.02/$0.05 USD) - 2017/0=","the_wickstar","-0.05"
"329","169205747089:  ",2017-04-18 05:45:58,"'Adelaide","Hold'em No Limit ($0.02/$0.05 USD) - 2017/0=","Yeiko8mm","-0.03"
"330","169205747089:  ",2017-04-18 05:45:58,"'Adelaide","Hold'em No Limit ($0.02/$0.05 USD) - 2017/0=","Yeiko8mm","-0.14"
"331","169205747089:  ",2017-04-18 05:45:58,"'Adelaide","Hold'em No Limit ($0.02/$0.05 USD) - 2017/0=","the_wickstar","-0.14"
"332","169205747089:  ",2017-04-18 05:45:58,"'Adelaide","Hold'em No Limit ($0.02/$0.05 USD) - 2017/0=","Yeiko8mm","-0.21"
"333","169205747089:  ",2017-04-18 05:45:58,"'Adelaide","Hold'em No Limit ($0.02/$0.05 USD) - 2017/0=","Yeiko8mm","0.41"
"334","169205752080:  ",2017-04-18 05:46:10,"'Mathesis","Hold'em No Limit ($0.02/$0.05 USD) - 2017/0=","the_wickstar","-0.02"
"335","169205752080:  ",2017-04-18 05:46:10,"'Mathesis","Hold'em No Limit ($0.02/$0.05 USD) - 2017/0=","69sirov69","-0.05"
"336","169205752080:  ",2017-04-18 05:46:10,"'Mathesis","Hold'em No Limit ($0.02/$0.05 USD) - 2017/0=","Milva83","-0.15"
"337","169205752080:  ",2017-04-18 05:46:10,"'Mathesis","Hold'em No Limit ($0.02/$0.05 USD) - 2017/0=","RaptNurs","-0.15"
"338","169205752080:  ",2017-04-18 05:46:10,"'Mathesis","Hold'em No Limit ($0.02/$0.05 USD) - 2017/0=","Milva83","-0.23"
"339","169205752080:  ",2017-04-18 05:46:10,"'Mathesis","Hold'em No Limit ($0.02/$0.05 USD) - 2017/0=","Milva83","0.35"
"340","169205762489:  ",2017-04-18 05:46:36,"'Adelaide","Hold'em No Limit ($0.02/$0.05 USD) - 2017/0=","Stingg","-0.02"
"341","169205762489:  ",2017-04-18 05:46:36,"'Adelaide","Hold'em No Limit ($0.02/$0.05 USD) - 2017/0=","Cocucbka*Pro","-0.05"
"342","169205762489:  ",2017-04-18 05:46:36,"'Adelaide","Hold'em No Limit ($0.02/$0.05 USD) - 2017/0=","Cocucbka*Pro","0.04"
"343","169205765290:  ",2017-04-18 05:46:43,"'Mathesis","Hold'em No Limit ($0.02/$0.05 USD) - 2017/0=","69sirov69","-0.02"
"344","169205765290:  ",2017-04-18 05:46:43,"'Mathesis","Hold'em No Limit ($0.02/$0.05 USD) - 2017/0=","rounder_rf","-0.05"
"345","169205765290:  ",2017-04-18 05:46:43,"'Mathesis","Hold'em No Limit ($0.02/$0.05 USD) - 2017/0=","the_wickstar","-0.15"
"346","169205765290:  ",2017-04-18 05:46:43,"'Mathesis","Hold'em No Limit ($0.02/$0.05 USD) - 2017/0=","69sirov69","-0.13"
"347","169205765290:  ",2017-04-18 05:46:43,"'Mathesis","Hold'em No Limit ($0.02/$0.05 USD) - 2017/0=","the_wickstar","-0.34"
"348","169205765290:  ",2017-04-18 05:46:43,"'Mathesis","Hold'em No Limit ($0.02/$0.05 USD) - 2017/0=","69sirov69","-0.34"
"349","169205765290:  ",2017-04-18 05:46:43,"'Mathesis","Hold'em No Limit ($0.02/$0.05 USD) - 2017/0=","69sirov69","-0.50"
"350","169205765290:  ",2017-04-18 05:46:43,"'Mathesis","Hold'em No Limit ($0.02/$0.05 USD) - 2017/0=","69sirov69","0.99"
"351","169205766894:  ",2017-04-18 05:46:47,"'Adelaide","Hold'em No Limit ($0.02/$0.05 USD) - 2017/0=","Cocucbka*Pro","-0.02"
"352","169205766894:  ",2017-04-18 05:46:47,"'Adelaide","Hold'em No Limit ($0.02/$0.05 USD) - 2017/0=","the_wickstar","-0.05"
"353","169205766894:  ",2017-04-18 05:46:47,"'Adelaide","Hold'em No Limit ($0.02/$0.05 USD) - 2017/0=","Yeiko8mm","-0.05"
"354","169205766894:  ",2017-04-18 05:46:47,"'Adelaide","Hold'em No Limit ($0.02/$0.05 USD) - 2017/0=","Stingg","-0.22"
"355","169205766894:  ",2017-04-18 05:46:47,"'Adelaide","Hold'em No Limit ($0.02/$0.05 USD) - 2017/0=","Stingg","0.17"
"356","169205779467:  ",2017-04-18 05:47:18,"'Adelaide","Hold'em No Limit ($0.02/$0.05 USD) - 2017/0=","the_wickstar","-0.02"
"357","169205779467:  ",2017-04-18 05:47:18,"'Adelaide","Hold'em No Limit ($0.02/$0.05 USD) - 2017/0=","Pescador_D","-0.05"
"358","169205779467:  ",2017-04-18 05:47:18,"'Adelaide","Hold'em No Limit ($0.02/$0.05 USD) - 2017/0=","Pescador_D","0.04"
"359","169205783168:  ",2017-04-18 05:47:27,"'Mathesis","Hold'em No Limit ($0.02/$0.05 USD) - 2017/0=","rounder_rf","-0.02"
"360","169205783168:  ",2017-04-18 05:47:27,"'Mathesis","Hold'em No Limit ($0.02/$0.05 USD) - 2017/0=","Milva83","-0.05"
"361","169205783168:  ",2017-04-18 05:47:27,"'Mathesis","Hold'em No Limit ($0.02/$0.05 USD) - 2017/0=","the_wickstar","-0.05"
"362","169205783168:  ",2017-04-18 05:47:27,"'Mathesis","Hold'em No Limit ($0.02/$0.05 USD) - 2017/0=","rounder_rf","-0.20"
"363","169205783168:  ",2017-04-18 05:47:27,"'Mathesis","Hold'em No Limit ($0.02/$0.05 USD) - 2017/0=","rounder_rf","0.15"
"364","169205790166:  ",2017-04-18 05:47:45,"'Adelaide","Hold'em No Limit ($0.02/$0.05 USD) - 2017/0=","Pescador_D","-0.02"
"365","169205790166:  ",2017-04-18 05:47:45,"'Adelaide","Hold'em No Limit ($0.02/$0.05 USD) - 2017/0=","Gissbon","-0.05"
"366","169205790166:  ",2017-04-18 05:47:45,"'Adelaide","Hold'em No Limit ($0.02/$0.05 USD) - 2017/0=","Strelo4ekk","-0.15"
"367","169205790166:  ",2017-04-18 05:47:45,"'Adelaide","Hold'em No Limit ($0.02/$0.05 USD) - 2017/0=","Pescador_D","-0.30"
"368","169205790166:  ",2017-04-18 05:47:45,"'Adelaide","Hold'em No Limit ($0.02/$0.05 USD) - 2017/0=","Pescador_D","0.35"
"369","169205791415:  ",2017-04-18 05:47:48,"'Mathesis","Hold'em No Limit ($0.02/$0.05 USD) - 2017/0=","Milva83","-0.02"
"370","169205791415:  ",2017-04-18 05:47:48,"'Mathesis","Hold'em No Limit ($0.02/$0.05 USD) - 2017/0=","RaptNurs","-0.05"
"371","169205791415:  ",2017-04-18 05:47:48,"'Mathesis","Hold'em No Limit ($0.02/$0.05 USD) - 2017/0=","Milva83","-0.12"
"372","169205791415:  ",2017-04-18 05:47:48,"'Mathesis","Hold'em No Limit ($0.02/$0.05 USD) - 2017/0=","Milva83","0.10"
"373","169205800231:  ",2017-04-18 05:48:10,"'Adelaide","Hold'em No Limit ($0.02/$0.05 USD) - 2017/0=","Gissbon","-0.02"
"374","169205800231:  ",2017-04-18 05:48:10,"'Adelaide","Hold'em No Limit ($0.02/$0.05 USD) - 2017/0=","RaPnYtiu23","-0.05"
"375","169205800231:  ",2017-04-18 05:48:10,"'Adelaide","Hold'em No Limit ($0.02/$0.05 USD) - 2017/0=","MarkClyde","-0.07"
"376","169205800231:  ",2017-04-18 05:48:10,"'Adelaide","Hold'em No Limit ($0.02/$0.05 USD) - 2017/0=","Strelo4ekk","-0.05"
"377","169205800231:  ",2017-04-18 05:48:10,"'Adelaide","Hold'em No Limit ($0.02/$0.05 USD) - 2017/0=","Pescador_D","-0.25"
"378","169205800231:  ",2017-04-18 05:48:10,"'Adelaide","Hold'em No Limit ($0.02/$0.05 USD) - 2017/0=","Pescador_D","0.24"
"379","169205800749:  ",2017-04-18 05:48:11,"'Mathesis","Hold'em No Limit ($0.02/$0.05 USD) - 2017/0=","RaptNurs","-0.02"
"380","169205800749:  ",2017-04-18 05:48:11,"'Mathesis","Hold'em No Limit ($0.02/$0.05 USD) - 2017/0=","4ert966","-0.05"
"381","169205800749:  ",2017-04-18 05:48:11,"'Mathesis","Hold'em No Limit ($0.02/$0.05 USD) - 2017/0=","4ert966","0.04"
"382","169205808760:  ",2017-04-18 05:48:31,"'Mathesis","Hold'em No Limit ($0.02/$0.05 USD) - 2017/0=","4ert966","-0.02"
"383","169205808760:  ",2017-04-18 05:48:31,"'Mathesis","Hold'em No Limit ($0.02/$0.05 USD) - 2017/0=","the_wickstar","-0.05"
"384","169205808760:  ",2017-04-18 05:48:31,"'Mathesis","Hold'em No Limit ($0.02/$0.05 USD) - 2017/0=","rounder_rf","-0.15"
"385","169205808760:  ",2017-04-18 05:48:31,"'Mathesis","Hold'em No Limit ($0.02/$0.05 USD) - 2017/0=","RaptNurs","-0.45"
"386","169205808760:  ",2017-04-18 05:48:31,"'Mathesis","Hold'em No Limit ($0.02/$0.05 USD) - 2017/0=","RaptNurs","0.37"
"387","169205816824:  ",2017-04-18 05:48:51,"'Mathesis","Hold'em No Limit ($0.02/$0.05 USD) - 2017/0=","the_wickstar","-0.02"
"388","169205816824:  ",2017-04-18 05:48:51,"'Mathesis","Hold'em No Limit ($0.02/$0.05 USD) - 2017/0=","69sirov69","-0.05"
"389","169205816824:  ",2017-04-18 05:48:51,"'Mathesis","Hold'em No Limit ($0.02/$0.05 USD) - 2017/0=","RaptNurs","-0.14"
"390","169205816824:  ",2017-04-18 05:48:51,"'Mathesis","Hold'em No Limit ($0.02/$0.05 USD) - 2017/0=","RaptNurs","0.12"
"391","169205818779:  ",2017-04-18 05:48:55,"'Adelaide","Hold'em No Limit ($0.02/$0.05 USD) - 2017/0=","RaPnYtiu23","-0.02"
"392","169205818779:  ",2017-04-18 05:48:55,"'Adelaide","Hold'em No Limit ($0.02/$0.05 USD) - 2017/0=","Strelo4ekk","-0.05"
"393","169205818779:  ",2017-04-18 05:48:55,"'Adelaide","Hold'em No Limit ($0.02/$0.05 USD) - 2017/0=","Yeiko8mm","-0.10"
"394","169205818779:  ",2017-04-18 05:48:55,"'Adelaide","Hold'em No Limit ($0.02/$0.05 USD) - 2017/0=","MarkClyde","-0.10"
"395","169205818779:  ",2017-04-18 05:48:55,"'Adelaide","Hold'em No Limit ($0.02/$0.05 USD) - 2017/0=","MarkClyde","-0.26"
"396","169205818779:  ",2017-04-18 05:48:55,"'Adelaide","Hold'em No Limit ($0.02/$0.05 USD) - 2017/0=","MarkClyde","0.26"
"397","169205824787:  ",2017-04-18 05:49:10,"'Mathesis","Hold'em No Limit ($0.02/$0.05 USD) - 2017/0=","69sirov69","-0.02"
"398","169205824787:  ",2017-04-18 05:49:10,"'Mathesis","Hold'em No Limit ($0.02/$0.05 USD) - 2017/0=","rounder_rf","-0.05"
"399","169205824787:  ",2017-04-18 05:49:10,"'Mathesis","Hold'em No Limit ($0.02/$0.05 USD) - 2017/0=","the_wickstar","-0.05"
"400","169205824787:  ",2017-04-18 05:49:10,"'Mathesis","Hold'em No Limit ($0.02/$0.05 USD) - 2017/0=","69sirov69","-0.03"
"401","169205824787:  ",2017-04-18 05:49:10,"'Mathesis","Hold'em No Limit ($0.02/$0.05 USD) - 2017/0=","the_wickstar","-0.14"
"402","169205824787:  ",2017-04-18 05:49:10,"'Mathesis","Hold'em No Limit ($0.02/$0.05 USD) - 2017/0=","the_wickstar","0.14"
"403","169205832099:  ",2017-04-18 05:49:29,"'Adelaide","Hold'em No Limit ($0.02/$0.05 USD) - 2017/0=","Strelo4ekk","-0.02"
"404","169205832099:  ",2017-04-18 05:49:29,"'Adelaide","Hold'em No Limit ($0.02/$0.05 USD) - 2017/0=","Yeiko8mm","-0.05"
"405","169205832099:  ",2017-04-18 05:49:29,"'Adelaide","Hold'em No Limit ($0.02/$0.05 USD) - 2017/0=","Pescador_D","-0.10"
"406","169205832099:  ",2017-04-18 05:49:29,"'Adelaide","Hold'em No Limit ($0.02/$0.05 USD) - 2017/0=","RaPnYtiu23","-0.37"
"407","169205832099:  ",2017-04-18 05:49:29,"'Adelaide","Hold'em No Limit ($0.02/$0.05 USD) - 2017/0=","RaPnYtiu23","0.27"
"408","169205841781:  ",2017-04-18 05:49:53,"'Adelaide","Hold'em No Limit ($0.02/$0.05 USD) - 2017/0=","Yeiko8mm","-0.02"
"409","169205841781:  ",2017-04-18 05:49:53,"'Adelaide","Hold'em No Limit ($0.02/$0.05 USD) - 2017/0=","Stingg","-0.05"
"410","169205841781:  ",2017-04-18 05:49:53,"'Adelaide","Hold'em No Limit ($0.02/$0.05 USD) - 2017/0=","MarkClyde","-0.10"
"411","169205841781:  ",2017-04-18 05:49:53,"'Adelaide","Hold'em No Limit ($0.02/$0.05 USD) - 2017/0=","MarkClyde","0.12"
"412","169205844036:  ",2017-04-18 05:49:59,"'Mathesis","Hold'em No Limit ($0.02/$0.05 USD) - 2017/0=","rounder_rf","-0.02"
"413","169205844036:  ",2017-04-18 05:49:59,"'Mathesis","Hold'em No Limit ($0.02/$0.05 USD) - 2017/0=","Milva83","-0.05"
"414","169205844036:  ",2017-04-18 05:49:59,"'Mathesis","Hold'em No Limit ($0.02/$0.05 USD) - 2017/0=","the_wickstar","-0.15"
"415","169205844036:  ",2017-04-18 05:49:59,"'Mathesis","Hold'em No Limit ($0.02/$0.05 USD) - 2017/0=","the_wickstar","0.12"
"416","169205853064:  ",2017-04-18 05:50:21,"'Mathesis","Hold'em No Limit ($0.02/$0.05 USD) - 2017/0=","Milva83","-0.02"
"417","169205853064:  ",2017-04-18 05:50:21,"'Mathesis","Hold'em No Limit ($0.02/$0.05 USD) - 2017/0=","RaptNurs","-0.05"
"418","169205853064:  ",2017-04-18 05:50:21,"'Mathesis","Hold'em No Limit ($0.02/$0.05 USD) - 2017/0=","Milva83","-0.12"
"419","169205853064:  ",2017-04-18 05:50:21,"'Mathesis","Hold'em No Limit ($0.02/$0.05 USD) - 2017/0=","Milva83","0.10"
"420","169205853663:  ",2017-04-18 05:50:23,"'Adelaide","Hold'em No Limit ($0.02/$0.05 USD) - 2017/0=","Stingg","-0.02"
"421","169205853663:  ",2017-04-18 05:50:23,"'Adelaide","Hold'em No Limit ($0.02/$0.05 USD) - 2017/0=","Cocucbka*Pro","-0.05"
"422","169205853663:  ",2017-04-18 05:50:23,"'Adelaide","Hold'em No Limit ($0.02/$0.05 USD) - 2017/0=","MarkClyde","-0.10"
"423","169205853663:  ",2017-04-18 05:50:23,"'Adelaide","Hold'em No Limit ($0.02/$0.05 USD) - 2017/0=","Yeiko8mm","-0.10"
"424","169205853663:  ",2017-04-18 05:50:23,"'Adelaide","Hold'em No Limit ($0.02/$0.05 USD) - 2017/0=","MarkClyde","-0.26"
"425","169205853663:  ",2017-04-18 05:50:23,"'Adelaide","Hold'em No Limit ($0.02/$0.05 USD) - 2017/0=","MarkClyde","0.26"
"426","169205864035:  ",2017-04-18 05:50:48,"'Adelaide","Hold'em No Limit ($0.02/$0.05 USD) - 2017/0=","Cocucbka*Pro","-0.02"
"427","169205864035:  ",2017-04-18 05:50:48,"'Adelaide","Hold'em No Limit ($0.02/$0.05 USD) - 2017/0=","the_wickstar","-0.05"
"428","169205864035:  ",2017-04-18 05:50:48,"'Adelaide","Hold'em No Limit ($0.02/$0.05 USD) - 2017/0=","MarkClyde","-0.10"
"429","169205864035:  ",2017-04-18 05:50:48,"'Adelaide","Hold'em No Limit ($0.02/$0.05 USD) - 2017/0=","Strelo4ekk","-0.10"
"430","169205864035:  ",2017-04-18 05:50:48,"'Adelaide","Hold'em No Limit ($0.02/$0.05 USD) - 2017/0=","Yeiko8mm","-0.10"
"431","169205864035:  ",2017-04-18 05:50:48,"'Adelaide","Hold'em No Limit ($0.02/$0.05 USD) - 2017/0=","the_wickstar","-0.05"
"432","169205864035:  ",2017-04-18 05:50:48,"'Adelaide","Hold'em No Limit ($0.02/$0.05 USD) - 2017/0=","Yeiko8mm","-0.40"
"433","169205864035:  ",2017-04-18 05:50:48,"'Adelaide","Hold'em No Limit ($0.02/$0.05 USD) - 2017/0=","Yeiko8mm","0.40"
"434","169205873888:  ",2017-04-18 05:51:13,"'Mathesis","Hold'em No Limit ($0.02/$0.05 USD) - 2017/0=","RaptNurs","-0.02"
"435","169205873888:  ",2017-04-18 05:51:13,"'Mathesis","Hold'em No Limit ($0.02/$0.05 USD) - 2017/0=","4ert966","-0.05"
"436","169205873888:  ",2017-04-18 05:51:13,"'Mathesis","Hold'em No Limit ($0.02/$0.05 USD) - 2017/0=","69sirov69","-0.15"
"437","169205873888:  ",2017-04-18 05:51:13,"'Mathesis","Hold'em No Limit ($0.02/$0.05 USD) - 2017/0=","RaptNurs","-0.50"
"438","169205873888:  ",2017-04-18 05:51:13,"'Mathesis","Hold'em No Limit ($0.02/$0.05 USD) - 2017/0=","69sirov69","-0.35"
"439","169205873888:  ",2017-04-18 05:51:13,"'Mathesis","Hold'em No Limit ($0.02/$0.05 USD) - 2017/0=","RaptNurs","-0.65"
"440","169205873888:  ",2017-04-18 05:51:13,"'Mathesis","Hold'em No Limit ($0.02/$0.05 USD) - 2017/0=","RaptNurs","1.01"
"441","169205889265:  ",2017-04-18 05:51:50,"'Adelaide","Hold'em No Limit ($0.02/$0.05 USD) - 2017/0=","the_wickstar","-0.02"
"442","169205889265:  ",2017-04-18 05:51:50,"'Adelaide","Hold'em No Limit ($0.02/$0.05 USD) - 2017/0=","MarkClyde","-0.05"
"443","169205889265:  ",2017-04-18 05:51:50,"'Adelaide","Hold'em No Limit ($0.02/$0.05 USD) - 2017/0=","Yeiko8mm","-0.10"
"444","169205889265:  ",2017-04-18 05:51:50,"'Adelaide","Hold'em No Limit ($0.02/$0.05 USD) - 2017/0=","Stingg","-0.10"
"445","169205889265:  ",2017-04-18 05:51:50,"'Adelaide","Hold'em No Limit ($0.02/$0.05 USD) - 2017/0=","MarkClyde","-0.05"
"446","169205889265:  ",2017-04-18 05:51:50,"'Adelaide","Hold'em No Limit ($0.02/$0.05 USD) - 2017/0=","MarkClyde","-0.31"
"447","169205889265:  ",2017-04-18 05:51:50,"'Adelaide","Hold'em No Limit ($0.02/$0.05 USD) - 2017/0=","MarkClyde","0.31"
"448","169205897433:  ",2017-04-18 05:52:11,"'Mathesis","Hold'em No Limit ($0.02/$0.05 USD) - 2017/0=","4ert966","-0.02"
"449","169205897433:  ",2017-04-18 05:52:11,"'Mathesis","Hold'em No Limit ($0.02/$0.05 USD) - 2017/0=","the_wickstar","-0.05"
"450","169205897433:  ",2017-04-18 05:52:11,"'Mathesis","Hold'em No Limit ($0.02/$0.05 USD) - 2017/0=","Milva83","-0.15"
"451","169205897433:  ",2017-04-18 05:52:11,"'Mathesis","Hold'em No Limit ($0.02/$0.05 USD) - 2017/0=","Milva83","0.12"
"452","169205904745:  ",2017-04-18 05:52:29,"'Mathesis","Hold'em No Limit ($0.02/$0.05 USD) - 2017/0=","the_wickstar","-0.02"
"453","169205904745:  ",2017-04-18 05:52:29,"'Mathesis","Hold'em No Limit ($0.02/$0.05 USD) - 2017/0=","69sirov69","-0.05"
"454","169205904745:  ",2017-04-18 05:52:29,"'Mathesis","Hold'em No Limit ($0.02/$0.05 USD) - 2017/0=","Milva83","-0.15"
"455","169205904745:  ",2017-04-18 05:52:29,"'Mathesis","Hold'em No Limit ($0.02/$0.05 USD) - 2017/0=","4ert966","-0.15"
"456","169205904745:  ",2017-04-18 05:52:29,"'Mathesis","Hold'em No Limit ($0.02/$0.05 USD) - 2017/0=","Milva83","-0.20"
"457","169205904745:  ",2017-04-18 05:52:29,"'Mathesis","Hold'em No Limit ($0.02/$0.05 USD) - 2017/0=","4ert966","-0.20"
"458","169205904745:  ",2017-04-18 05:52:29,"'Mathesis","Hold'em No Limit ($0.02/$0.05 USD) - 2017/0=","4ert966","-0.30"
"459","169205904745:  ",2017-04-18 05:52:29,"'Mathesis","Hold'em No Limit ($0.02/$0.05 USD) - 2017/0=","Milva83","-0.30"
"460","169205904745:  ",2017-04-18 05:52:29,"'Mathesis","Hold'em No Limit ($0.02/$0.05 USD) - 2017/0=","4ert966","1.31"
"461","169205907368:  ",2017-04-18 05:52:36,"'Adelaide","Hold'em No Limit ($0.02/$0.05 USD) - 2017/0=","MarkClyde","-0.02"
"462","169205907368:  ",2017-04-18 05:52:36,"'Adelaide","Hold'em No Limit ($0.02/$0.05 USD) - 2017/0=","Pescador_D","-0.05"
"463","169205907368:  ",2017-04-18 05:52:36,"'Adelaide","Hold'em No Limit ($0.02/$0.05 USD) - 2017/0=","the_wickstar","-0.05"
"464","169205907368:  ",2017-04-18 05:52:36,"'Adelaide","Hold'em No Limit ($0.02/$0.05 USD) - 2017/0=","Pescador_D","-0.15"
"465","169205907368:  ",2017-04-18 05:52:36,"'Adelaide","Hold'em No Limit ($0.02/$0.05 USD) - 2017/0=","the_wickstar","-0.10"
"466","169205907368:  ",2017-04-18 05:52:36,"'Adelaide","Hold'em No Limit ($0.02/$0.05 USD) - 2017/0=","Pescador_D","-0.20"
"467","169205907368:  ",2017-04-18 05:52:36,"'Adelaide","Hold'em No Limit ($0.02/$0.05 USD) - 2017/0=","the_wickstar","-0.40"
"468","169205907368:  ",2017-04-18 05:52:36,"'Adelaide","Hold'em No Limit ($0.02/$0.05 USD) - 2017/0=","Pescador_D","-0.20"
"469","169205907368:  ",2017-04-18 05:52:36,"'Adelaide","Hold'em No Limit ($0.02/$0.05 USD) - 2017/0=","the_wickstar","-1.07"
"470","169205907368:  ",2017-04-18 05:52:36,"'Adelaide","Hold'em No Limit ($0.02/$0.05 USD) - 2017/0=","the_wickstar","1.07"
"471","169205926354:  ",2017-04-18 05:53:23,"'Adelaide","Hold'em No Limit ($0.02/$0.05 USD) - 2017/0=","Pescador_D","-0.02"
"472","169205926354:  ",2017-04-18 05:53:23,"'Adelaide","Hold'em No Limit ($0.02/$0.05 USD) - 2017/0=","Gissbon","-0.05"
"473","169205926354:  ",2017-04-18 05:53:23,"'Adelaide","Hold'em No Limit ($0.02/$0.05 USD) - 2017/0=","Stingg","-0.15"
"474","169205926354:  ",2017-04-18 05:53:23,"'Adelaide","Hold'em No Limit ($0.02/$0.05 USD) - 2017/0=","Stingg","0.12"
"475","169205931532:  ",2017-04-18 05:53:36,"'Mathesis","Hold'em No Limit ($0.02/$0.05 USD) - 2017/0=","69sirov69","-0.02"
"476","169205931532:  ",2017-04-18 05:53:36,"'Mathesis","Hold'em No Limit ($0.02/$0.05 USD) - 2017/0=","rounder_rf","-0.05"
"477","169205931532:  ",2017-04-18 05:53:36,"'Mathesis","Hold'em No Limit ($0.02/$0.05 USD) - 2017/0=","the_wickstar","-0.05"
"478","169205931532:  ",2017-04-18 05:53:36,"'Mathesis","Hold'em No Limit ($0.02/$0.05 USD) - 2017/0=","rounder_rf","-0.10"
"479","169205931532:  ",2017-04-18 05:53:36,"'Mathesis","Hold'em No Limit ($0.02/$0.05 USD) - 2017/0=","the_wickstar","-0.10"
"480","169205931532:  ",2017-04-18 05:53:36,"'Mathesis","Hold'em No Limit ($0.02/$0.05 USD) - 2017/0=","rounder_rf","-0.24"
"481","169205931532:  ",2017-04-18 05:53:36,"'Mathesis","Hold'em No Limit ($0.02/$0.05 USD) - 2017/0=","the_wickstar","0.77"
"482","169205935815:  ",2017-04-18 05:53:47,"'Adelaide","Hold'em No Limit ($0.02/$0.05 USD) - 2017/0=","Gissbon","-0.02"
"483","169205935815:  ",2017-04-18 05:53:47,"'Adelaide","Hold'em No Limit ($0.02/$0.05 USD) - 2017/0=","RaPnYtiu23","-0.05"
"484","169205935815:  ",2017-04-18 05:53:47,"'Adelaide","Hold'em No Limit ($0.02/$0.05 USD) - 2017/0=","Strelo4ekk","-0.20"
"485","169205935815:  ",2017-04-18 05:53:47,"'Adelaide","Hold'em No Limit ($0.02/$0.05 USD) - 2017/0=","Yeiko8mm","-0.20"
"486","169205935815:  ",2017-04-18 05:53:47,"'Adelaide","Hold'em No Limit ($0.02/$0.05 USD) - 2017/0=","the_wickstar","-0.20"
"487","169205935815:  ",2017-04-18 05:53:47,"'Adelaide","Hold'em No Limit ($0.02/$0.05 USD) - 2017/0=","Yeiko8mm","-0.32"
"488","169205935815:  ",2017-04-18 05:53:47,"'Adelaide","Hold'em No Limit ($0.02/$0.05 USD) - 2017/0=","Yeiko8mm","0.64"
"489","169205955314:  ",2017-04-18 05:54:35,"'Mathesis","Hold'em No Limit ($0.02/$0.05 USD) - 2017/0=","rounder_rf","-0.02"
"490","169205955314:  ",2017-04-18 05:54:35,"'Mathesis","Hold'em No Limit ($0.02/$0.05 USD) - 2017/0=","Milva83","-0.05"
"491","169205955314:  ",2017-04-18 05:54:35,"'Mathesis","Hold'em No Limit ($0.02/$0.05 USD) - 2017/0=","the_wickstar","-0.15"
"492","169205955314:  ",2017-04-18 05:54:35,"'Mathesis","Hold'em No Limit ($0.02/$0.05 USD) - 2017/0=","the_wickstar","0.12"
"493","169205961580:  ",2017-04-18 05:54:51,"'Adelaide","Hold'em No Limit ($0.02/$0.05 USD) - 2017/0=","RaPnYtiu23","-0.02"
"494","169205961580:  ",2017-04-18 05:54:51,"'Adelaide","Hold'em No Limit ($0.02/$0.05 USD) - 2017/0=","Strelo4ekk","-0.05"
"495","169205961580:  ",2017-04-18 05:54:51,"'Adelaide","Hold'em No Limit ($0.02/$0.05 USD) - 2017/0=","Yeiko8mm","-0.05"
"496","169205961580:  ",2017-04-18 05:54:51,"'Adelaide","Hold'em No Limit ($0.02/$0.05 USD) - 2017/0=","Pescador_D","-0.10"
"497","169205961580:  ",2017-04-18 05:54:51,"'Adelaide","Hold'em No Limit ($0.02/$0.05 USD) - 2017/0=","Gissbon","-0.10"
"498","169205961580:  ",2017-04-18 05:54:51,"'Adelaide","Hold'em No Limit ($0.02/$0.05 USD) - 2017/0=","RaPnYtiu23","-0.08"
"499","169205961580:  ",2017-04-18 05:54:51,"'Adelaide","Hold'em No Limit ($0.02/$0.05 USD) - 2017/0=","Yeiko8mm","-0.05"
"500","169205961580:  ",2017-04-18 05:54:51,"'Adelaide","Hold'em No Limit ($0.02/$0.05 USD) - 2017/0=","Yeiko8mm","-0.05"
"501","169205961580:  ",2017-04-18 05:54:51,"'Adelaide","Hold'em No Limit ($0.02/$0.05 USD) - 2017/0=","Pescador_D","-0.05"
"502","169205961580:  ",2017-04-18 05:54:51,"'Adelaide","Hold'em No Limit ($0.02/$0.05 USD) - 2017/0=","Gissbon","-0.05"
"503","169205961580:  ",2017-04-18 05:54:51,"'Adelaide","Hold'em No Limit ($0.02/$0.05 USD) - 2017/0=","Pescador_D","-0.25"
"504","169205961580:  ",2017-04-18 05:54:51,"'Adelaide","Hold'em No Limit ($0.02/$0.05 USD) - 2017/0=","Pescador_D","0.58"
"505","169205966237:  ",2017-04-18 05:55:02,"'Mathesis","Hold'em No Limit ($0.02/$0.05 USD) - 2017/0=","Milva83","-0.02"
"506","169205966237:  ",2017-04-18 05:55:02,"'Mathesis","Hold'em No Limit ($0.02/$0.05 USD) - 2017/0=","RaptNurs","-0.05"
"507","169205966237:  ",2017-04-18 05:55:02,"'Mathesis","Hold'em No Limit ($0.02/$0.05 USD) - 2017/0=","69sirov69","-0.15"
"508","169205966237:  ",2017-04-18 05:55:02,"'Mathesis","Hold'em No Limit ($0.02/$0.05 USD) - 2017/0=","69sirov69","0.12"
"509","169205972416:  ",2017-04-18 05:55:18,"'Mathesis","Hold'em No Limit ($0.02/$0.05 USD) - 2017/0=","RaptNurs","-0.02"
"510","169205972416:  ",2017-04-18 05:55:18,"'Mathesis","Hold'em No Limit ($0.02/$0.05 USD) - 2017/0=","4ert966","-0.05"
"511","169205972416:  ",2017-04-18 05:55:18,"'Mathesis","Hold'em No Limit ($0.02/$0.05 USD) - 2017/0=","the_wickstar","-0.20"
"512","169205972416:  ",2017-04-18 05:55:18,"'Mathesis","Hold'em No Limit ($0.02/$0.05 USD) - 2017/0=","the_wickstar","0.12"
"513","169205981163:  ",2017-04-18 05:55:43,"'Mathesis","Hold'em No Limit ($0.02/$0.05 USD) - 2017/0=","4ert966","-0.02"
"514","169205981163:  ",2017-04-18 05:55:43,"'Mathesis","Hold'em No Limit ($0.02/$0.05 USD) - 2017/0=","the_wickstar","-0.05"
"515","169205981163:  ",2017-04-18 05:55:43,"'Mathesis","Hold'em No Limit ($0.02/$0.05 USD) - 2017/0=","RaptNurs","-0.11"
"516","169205981163:  ",2017-04-18 05:55:43,"'Mathesis","Hold'em No Limit ($0.02/$0.05 USD) - 2017/0=","the_wickstar","0.24"
"517","169205990814:  ",2017-04-18 05:56:09,"'Mathesis","Hold'em No Limit ($0.02/$0.05 USD) - 2017/0=","the_wickstar","-0.02"
"518","169205990814:  ",2017-04-18 05:56:09,"'Mathesis","Hold'em No Limit ($0.02/$0.05 USD) - 2017/0=","69sirov69","-0.05"
"519","169205990814:  ",2017-04-18 05:56:09,"'Mathesis","Hold'em No Limit ($0.02/$0.05 USD) - 2017/0=","the_wickstar","-0.03"
"520","169205990814:  ",2017-04-18 05:56:09,"'Mathesis","Hold'em No Limit ($0.02/$0.05 USD) - 2017/0=","the_wickstar","-0.10"
"521","169205990814:  ",2017-04-18 05:56:09,"'Mathesis","Hold'em No Limit ($0.02/$0.05 USD) - 2017/0=","the_wickstar","0.10"
"522","169205993497:  ",2017-04-18 05:56:17,"'Adelaide","Hold'em No Limit ($0.02/$0.05 USD) - 2017/0=","Strelo4ekk","-0.02"
"523","169205993497:  ",2017-04-18 05:56:17,"'Adelaide","Hold'em No Limit ($0.02/$0.05 USD) - 2017/0=","Yeiko8mm","-0.05"
"524","169205993497:  ",2017-04-18 05:56:17,"'Adelaide","Hold'em No Limit ($0.02/$0.05 USD) - 2017/0=","Stingg","-0.15"
"525","169205993497:  ",2017-04-18 05:56:17,"'Adelaide","Hold'em No Limit ($0.02/$0.05 USD) - 2017/0=","MarkClyde","-0.15"
"526","169205993497:  ",2017-04-18 05:56:17,"'Adelaide","Hold'em No Limit ($0.02/$0.05 USD) - 2017/0=","Strelo4ekk","-0.13"
"527","169205993497:  ",2017-04-18 05:56:17,"'Adelaide","Hold'em No Limit ($0.02/$0.05 USD) - 2017/0=","Strelo4ekk","-0.32"
"528","169205993497:  ",2017-04-18 05:56:17,"'Adelaide","Hold'em No Limit ($0.02/$0.05 USD) - 2017/0=","Strelo4ekk","0.48"
"529","169206001806:  ",2017-04-18 05:56:39,"'Mathesis","Hold'em No Limit ($0.02/$0.05 USD) - 2017/0=","69sirov69","-0.02"
"530","169206001806:  ",2017-04-18 05:56:39,"'Mathesis","Hold'em No Limit ($0.02/$0.05 USD) - 2017/0=","rounder_rf","-0.05"
"531","169206001806:  ",2017-04-18 05:56:39,"'Mathesis","Hold'em No Limit ($0.02/$0.05 USD) - 2017/0=","the_wickstar","-0.05"
"532","169206001806:  ",2017-04-18 05:56:39,"'Mathesis","Hold'em No Limit ($0.02/$0.05 USD) - 2017/0=","the_wickstar","-0.12"
"533","169206001806:  ",2017-04-18 05:56:39,"'Mathesis","Hold'em No Limit ($0.02/$0.05 USD) - 2017/0=","the_wickstar","0.12"
"534","169206008453:  ",2017-04-18 05:56:58,"'Adelaide","Hold'em No Limit ($0.02/$0.05 USD) - 2017/0=","Yeiko8mm","-0.02"
"535","169206008453:  ",2017-04-18 05:56:58,"'Adelaide","Hold'em No Limit ($0.02/$0.05 USD) - 2017/0=","Stingg","-0.05"
"536","169206008453:  ",2017-04-18 05:56:58,"'Adelaide","Hold'em No Limit ($0.02/$0.05 USD) - 2017/0=","MarkClyde","-0.17"
"537","169206008453:  ",2017-04-18 05:56:58,"'Adelaide","Hold'em No Limit ($0.02/$0.05 USD) - 2017/0=","MarkClyde","0.12"
"538","169206015621:  ",2017-04-18 05:57:18,"'Mathesis","Hold'em No Limit ($0.02/$0.05 USD) - 2017/0=","rounder_rf","-0.02"
"539","169206015621:  ",2017-04-18 05:57:18,"'Mathesis","Hold'em No Limit ($0.02/$0.05 USD) - 2017/0=","Milva83","-0.05"
"540","169206015621:  ",2017-04-18 05:57:18,"'Mathesis","Hold'em No Limit ($0.02/$0.05 USD) - 2017/0=","rounder_rf","-0.10"
"541","169206015621:  ",2017-04-18 05:57:18,"'Mathesis","Hold'em No Limit ($0.02/$0.05 USD) - 2017/0=","Milva83","-0.05"
"542","169206015621:  ",2017-04-18 05:57:18,"'Mathesis","Hold'em No Limit ($0.02/$0.05 USD) - 2017/0=","rounder_rf","-0.14"
"543","169206015621:  ",2017-04-18 05:57:18,"'Mathesis","Hold'em No Limit ($0.02/$0.05 USD) - 2017/0=","rounder_rf","0.19"
"544","169206023382:  ",2017-04-18 05:57:39,"'Adelaide","Hold'em No Limit ($0.02/$0.05 USD) - 2017/0=","Stingg","-0.02"
"545","169206023382:  ",2017-04-18 05:57:39,"'Adelaide","Hold'em No Limit ($0.02/$0.05 USD) - 2017/0=","Cocucbka*Pro","-0.05"
"546","169206023382:  ",2017-04-18 05:57:39,"'Adelaide","Hold'em No Limit ($0.02/$0.05 USD) - 2017/0=","MarkClyde","-0.10"
"547","169206023382:  ",2017-04-18 05:57:39,"'Adelaide","Hold'em No Limit ($0.02/$0.05 USD) - 2017/0=","MarkClyde","0.12"
"548","169206036429:  ",2017-04-18 05:58:15,"'Mathesis","Hold'em No Limit ($0.02/$0.05 USD) - 2017/0=","Milva83","-0.02"
"549","169206036429:  ",2017-04-18 05:58:15,"'Mathesis","Hold'em No Limit ($0.02/$0.05 USD) - 2017/0=","RaptNurs","-0.05"
"550","169206036429:  ",2017-04-18 05:58:15,"'Mathesis","Hold'em No Limit ($0.02/$0.05 USD) - 2017/0=","rounder_rf","-0.10"
"551","169206036429:  ",2017-04-18 05:58:15,"'Mathesis","Hold'em No Limit ($0.02/$0.05 USD) - 2017/0=","rounder_rf","0.12"
"552","169206045250:  ",2017-04-18 05:58:39,"'Mathesis","Hold'em No Limit ($0.02/$0.05 USD) - 2017/0=","RaptNurs","-0.02"
"553","169206045250:  ",2017-04-18 05:58:39,"'Mathesis","Hold'em No Limit ($0.02/$0.05 USD) - 2017/0=","4ert966","-0.05"
"554","169206045250:  ",2017-04-18 05:58:39,"'Mathesis","Hold'em No Limit ($0.02/$0.05 USD) - 2017/0=","RaptNurs","-0.15"
"555","169206045250:  ",2017-04-18 05:58:39,"'Mathesis","Hold'em No Limit ($0.02/$0.05 USD) - 2017/0=","4ert966","-0.45"
"556","169206045250:  ",2017-04-18 05:58:39,"'Mathesis","Hold'em No Limit ($0.02/$0.05 USD) - 2017/0=","4ert966","0.30"
